,GICS Sector,GICS Sub-Industry,Name,open,high,low,close,daily_gain,daily_volatility,daily_gain%,volatility%
352,Information Technology,"Technology Hardware, Storage & Peripherals",HPQ,15.91280137693632,16.098330636833047,15.754650430292601,15.938468158347682,0.025666781411359734,0.34368020654044734,0.1759426643298098,2.2906664569955515
351,Information Technology,"Technology Hardware, Storage & Peripherals",HPE,17.997475043029258,18.241245955249568,17.797558347676425,18.03087779690189,0.033402753872633376,0.4436876075731499,0.17476943738560893,2.5524347671561434
296,Industrials,Research & Consulting Services,INFO,33.794193020719774,34.12587928026174,33.48568778625953,33.8350763358779,0.04088331515812425,0.6401914940021819,0.13041380164901048,1.9904135852503404
40,Consumer Discretionary,Computer & Electronics Retail,BBY,37.85417791898332,38.358001826846646,37.388816123907915,37.89544876886418,0.04127084988085765,0.9691857029388389,0.11151618350511915,2.6747760022457143
343,Information Technology,Semiconductors,NVDA,56.316545671167525,57.07131898332018,55.51310349483719,56.36936814932481,0.05282247815726782,1.5582154884829214,0.10904844902495306,2.4757824819700507
315,Information Technology,Data Processing & Outsourced Services,FISV,85.18342335186648,85.80140190627493,84.63016624305004,85.26878276409856,0.08535941223193008,1.1712356632247805,0.1047555652544756,1.3943351312500318
232,Health Care,Managed Health Care,HUM,162.66355837966657,164.4258121525021,161.09403661636227,162.81292295472608,0.1493645750595709,3.3317755361398014,0.10208865759786283,2.0641690366332495
307,Information Technology,Application Software,INTU,99.01189833200927,99.81208999205738,98.25174376489284,99.10979825258147,0.09789992057188256,1.5603462271644144,0.10163726846754756,1.606378832312235
9,Communication Services,Interactive Home Entertainment,EA,61.56837180301809,62.2797060365369,60.86856973788713,61.61553542494032,0.04716362192216065,1.4111362986497216,0.10132281346443274,2.417478274155901
211,Health Care,Health Care Equipment,RMD,59.4259173947577,59.95132517871333,58.94839261318517,59.49138999205712,0.06547259729944385,1.0029325655281955,0.09921932300645302,1.7098433686018129
229,Health Care,Managed Health Care,ANTM,134.1646105639396,135.51758546465433,132.9165046068309,134.28223987291494,0.11762930897537734,2.601080857823667,0.09686872869405397,1.9337464182683017
243,Industrials,Aerospace & Defense,HII,133.70712073073875,134.96373566322464,132.46171342335182,133.80019857029382,0.0930778395552024,2.502022239872916,0.09461539606812287,1.8983455963169185
326,Information Technology,IT Consulting & Other Services,ACN,101.02282613185058,101.76644011119932,100.34816306592532,101.11907863383648,0.09625250198570272,1.4182770452740274,0.09393068851371902,1.4235065171180195
213,Health Care,Health Care Equipment,VAR,85.9575178713265,86.64681556791106,85.33132152501999,86.03756949960285,0.08005162827640996,1.3154940428911832,0.0930383119955817,1.535418728962963
353,Information Technology,"Technology Hardware, Storage & Peripherals",NTAP,37.058345035742676,37.458696822875346,36.70389356632248,37.09128832406676,0.03294328832406667,0.7548032565528198,0.09229850337827408,2.0849612037439433
242,Industrials,Aerospace & Defense,GD,139.19668784749794,140.23316338363824,138.26692081016694,139.30958697378898,0.11289912629070685,1.9662425734710067,0.09105899473238198,1.4294626978476228
55,Consumer Discretionary,"Hotels, Resorts & Cruise Lines",MAR,72.82486767275627,73.47966957903097,72.21795599682285,72.8957482128673,0.07088054011119936,1.2617135822081023,0.09104520737972072,1.7444311200546854
234,Health Care,Pharmaceuticals,ABBV,60.80280063542492,61.474133042096916,60.17727490071496,60.86444003177118,0.06163939634630623,1.2968581413820486,0.09057526721152226,2.1439342740096916
149,Financials,Financial Exchanges & Data,MCO,97.4427164416204,98.28311207307372,96.6587777601271,97.52048451151713,0.07776806989674305,1.6243343129467842,0.08986885474302184,1.732534206089791
323,Information Technology,Electronic Components,GLW,21.512188244638573,21.71181985702938,21.33839841143764,21.529936457505936,0.017748212867355086,0.3734214455917389,0.08828265782161299,1.7864430512932106
216,Health Care,Health Care Facilities,HCA,68.10384432088966,68.90360452740279,67.34798069896739,68.16123907863381,0.05739475774424145,1.5556238284352653,0.08762155724708216,2.313656063354588
304,Information Technology,Application Software,CDNS,22.582664733915827,22.80038316123906,22.375265925337576,22.603097696584616,0.020432962668784777,0.42511723590150907,0.08730210172687519,1.949460307437498
57,Consumer Discretionary,"Hotels, Resorts & Cruise Lines",RCL,75.30914233518654,76.15062343129472,74.50785567911045,75.36123510722793,0.05209277204130269,1.6427677521842725,0.08628342796308261,2.183875233783001
340,Information Technology,Semiconductors,INTC,31.804532247815757,32.085516521048476,31.538919936457514,31.831530738681487,0.026998490865766497,0.5465965845909444,0.08595778349030968,1.7133781310715939
302,Information Technology,Application Software,ADSK,64.13887728355833,64.8747032565527,63.4175748212867,64.19433582208113,0.05545853852263709,1.4571284352660836,0.08418218041350407,2.2925412656412263
245,Industrials,Aerospace & Defense,NOC,176.36585385226365,177.66697458300234,175.16761715647385,176.4954567116756,0.12960285941223204,2.4993574265289955,0.08367506900737852,1.4497342530045088
151,Financials,Financial Exchanges & Data,SPGI,101.15640190627488,102.00650428911851,100.33668713264488,101.22704924543278,0.07064733915806189,1.6698171564733886,0.08353627732833922,1.6999913648240408
150,Financials,Financial Exchanges & Data,NDAQ,53.50127084988089,53.960815965051644,53.06967100873715,53.540837966640254,0.039567116759332666,0.8911449563145336,0.08279151411095885,1.7320721572106175
349,Information Technology,Systems Software,MSFT,51.0263942811756,51.43600706910248,50.630396743447186,51.063080619539384,0.036686338363780796,0.8056103256552819,0.0820396918168991,1.6184553213812891
314,Information Technology,Data Processing & Outsourced Services,FIS,65.9059185067513,66.36401620333594,65.46653042096905,65.95638999205721,0.050471485305798244,0.8974857823669565,0.08075399276081743,1.390251354650571
225,Health Care,Life Sciences Tools & Services,ILMN,157.0421961874505,159.2163331215251,154.73956544876873,157.11617712470232,0.0739809372517871,4.476767672756147,0.07941554868185077,2.880235059919343
322,Information Technology,Electronic Components,APH,56.83336973788729,57.237312231930176,56.4556665607626,56.87292692613182,0.03955718824463845,0.7816456711675924,0.0783405822946986,1.4095801864924373
301,Information Technology,Application Software,ADBE,90.38760921366149,91.18987617156485,89.57862073073859,90.45815639396343,0.070547180301827,1.6112554408260478,0.07800685871980594,1.8175710267662848
291,Industrials,Railroads,CSX,33.82160691024623,34.169667752184296,33.50643145353457,33.85160047656871,0.0299935663224782,0.6632362986497212,0.07766478019255922,1.959493792264487
154,Financials,Insurance Brokers,MMC,58.81366163621939,59.18909054805413,58.48829682287529,58.8536775218428,0.04001588562351071,0.7007937251787127,0.07635488895555974,1.2058991226133566
230,Health Care,Managed Health Care,CI,123.14820095313736,124.39865631453529,122.007237887212,123.23451945988883,0.08631850675139033,2.3914184273232753,0.0762838369352059,1.9288466129997943
309,Information Technology,Application Software,SNPS,51.64142176330418,52.04332525814141,51.259464257347105,51.676725258141325,0.03530349483717254,0.7838610007942814,0.07622942568537838,1.5438522549669877
293,Industrials,Railroads,NSC,98.08621509134235,99.01994503574258,97.24673010325645,98.1604765687054,0.07426147736298636,1.7732149324861002,0.07563331873139238,1.8353424058516998
377,Materials,Specialty Chemicals,SHW,261.2711596505165,263.4379202541699,259.23210309769644,261.45109610802194,0.17993645750595805,4.205817156473394,0.07499928206542185,1.6376791679104754
428,Utilities,Multi-Utilities,NI,29.344050913423352,29.592580698967446,29.11133288324071,29.365881652104854,0.02183073868149322,0.48124781572676695,0.07400211741922523,1.6440208992754177
241,Industrials,Aerospace & Defense,BA,149.77697227958706,151.0358803018271,148.62379221604422,149.90598888006355,0.12901660047656868,2.4120880857823663,0.07364370832945558,1.6092800062664427
347,Information Technology,Semiconductors,TXN,58.82618689436055,59.31384781572687,58.35513026211275,58.86892692613178,0.04274003177124717,0.9587175536139795,0.07241388527941534,1.6478150313536566
312,Information Technology,Communications Equipment,JNPR,24.612486100079412,24.87345536139796,24.37473447180303,24.62905083399524,0.016564733915806183,0.49872088959491623,0.07165999144172265,2.054838889426464
146,Financials,Financial Exchanges & Data,CBOE,66.08226767275615,66.6646075456712,65.50374559173942,66.1318768864177,0.04960921366163643,1.160861953931694,0.07143164321494631,1.7871904080609624
233,Health Care,Managed Health Care,UNH,120.92217633042101,121.93787418586197,119.93536934074652,121.00325655281935,0.08108022239872895,2.002504845115176,0.071395807802284,1.6836759444169154
153,Financials,Insurance Brokers,AON,99.05539714058787,99.75203820492462,98.4169863383638,99.11863383637794,0.06323669579031015,1.3350518665607618,0.07123061965411967,1.3692901748692232
250,Industrials,Air Freight & Logistics,EXPD,47.808144003177084,48.20386560762512,47.416474503574214,47.8432676727562,0.035123669579030875,0.7873911040508345,0.07050357467593069,1.6631143149136822
249,Industrials,Air Freight & Logistics,CHRW,67.71336973788732,68.2938166799046,67.17528212867354,67.76321763304213,0.04984789515488502,1.118534551231137,0.07048905133124721,1.6485564152730448
330,Information Technology,IT Consulting & Other Services,IT,86.71324861000794,87.41529634630656,86.0181357426529,86.76625893566313,0.053010325655282076,1.397160603653692,0.07003827779396675,1.6342548270085282
210,Health Care,Health Care Equipment,PKI,49.91692613185071,50.32139658459096,49.520686656076194,49.95082605242254,0.03389992057188243,0.8007099285146936,0.07002234592009614,1.6277212708973083
277,Industrials,Industrial Conglomerates,MMM,160.19989038919795,161.1680450357428,159.29996147736296,160.30633042096898,0.10644003177124724,1.8680835583796656,0.06934078848884973,1.1733599975795752
247,Industrials,Aerospace & Defense,TXT,40.408701350278,40.80803566322476,40.03499062748223,40.435361397934834,0.026660047656870557,0.7730450357426532,0.06908378753645167,1.9558939979444188
166,Financials,Multi-line Insurance,AIZ,75.36168387609206,75.98690786338372,74.78745488482919,75.40227164416206,0.04058776806989644,1.1994529785544086,0.06887667603035355,1.5983674722252208
92,Consumer Staples,Packaged Foods & Meats,HSY,98.07727561556798,98.7831971405879,97.41844535345527,98.1444320889594,0.06715647339158064,1.3647517871326424,0.06871864632499224,1.3946681350120465
134,Financials,Asset Management & Custody Banks,STT,73.21356949960287,73.86856910246229,72.61128133439243,73.2597855440826,0.04621604447974586,1.2572877680698964,0.06767639451531902,1.7424778096967999
278,Industrials,Industrial Conglomerates,ROP,171.93527005559963,173.17883621922175,170.738333042097,172.0563860206513,0.12111596505162793,2.4405031771247003,0.0675662808526854,1.4265903240478892
246,Industrials,Aerospace & Defense,TDG,214.95658459094523,216.93646417791908,212.99307815726772,215.1042017474183,0.14761715647339238,3.9433860206513156,0.06687574559939892,1.832748114708163
310,Information Technology,Communications Equipment,CSCO,27.725160047656864,27.946371326449565,27.522249324860994,27.743812946783173,0.018652899126290708,0.4241220015885626,0.06677578117161272,1.550727039295154
244,Industrials,Aerospace & Defense,LMT,206.91216449563143,208.3376699761716,205.59266656076264,207.02929308975357,0.11712859412231921,2.7450034154090597,0.06639306711868657,1.3529534820900657
318,Information Technology,Data Processing & Outsourced Services,PAYX,49.928315647339204,50.278052025417054,49.574840587768065,49.95931294678313,0.03099729944400328,0.7032114376489274,0.06585682171580796,1.4129883603848665
273,Industrials,Environmental & Facilities Services,WM,55.95534551231137,56.29224829229548,55.6554312946783,55.98817315329621,0.03282764098490878,0.6368169976171563,0.0652461948282287,1.159606914446703
303,Information Technology,Application Software,ANSS,93.53625496425731,94.360107386815,92.74584773629857,93.60052343129483,0.06426846703733086,1.6142596505162805,0.06406368339017685,1.7361614807803605
295,Industrials,Research & Consulting Services,EFX,97.40753772835576,98.14260325655282,96.6664536934075,97.46656870532146,0.05903097696584608,1.476149563145353,0.0640001201347875,1.5109569562775143
214,Health Care,Health Care Equipment,ZBH,105.54201350277995,106.41985432883237,104.69803820492456,105.60629070691023,0.06427720413026214,1.7218161239078635,0.06367961598971508,1.6384089906643868
82,Consumer Staples,Household Products,CHD,41.1780321683876,41.46443335980936,40.90865702938842,41.19577839555198,0.017746227164416338,0.5557763304209685,0.06367231177644037,1.3457947438697062
147,Financials,Financial Exchanges & Data,CME,95.33095313741059,96.11559555202551,94.53290127084996,95.3870984908657,0.05614535345512312,1.5826942811755376,0.06360546214377318,1.6888721240914863
421,Utilities,Multi-Utilities,AEE,44.97462271644157,45.32055845909452,44.6375947577443,45.00293884034948,0.02831612390786334,0.6829637013502794,0.06307897499722602,1.5352271920956995
274,Industrials,Human Resource & Employment Services,RHI,46.20834789515489,46.63319745830025,45.78763018268471,46.23563145353454,0.0272835583796665,0.8455672756155674,0.06231486303216547,1.847691123322877
328,Information Technology,IT Consulting & Other Services,DXC,85.88746511627912,86.64843488372091,85.20705209302326,85.9324186046512,0.04495348837209305,1.4413827906976746,0.06211786728141655,1.6879462965770935
207,Health Care,Health Care Equipment,IDXX,89.15552422557586,90.04726640190638,88.27333121525017,89.21214932486093,0.0566250992851473,1.773935186656075,0.06197299481782361,2.006881038954733
427,Utilities,Multi-Utilities,NEE,109.44144956314528,110.24737482128664,108.66761374106432,109.50706910246222,0.06561953931691798,1.5797610802223987,0.06097107484013492,1.4549765439009716
316,Information Technology,Data Processing & Outsourced Services,GPN,56.9672120730739,57.48442708498803,56.44729110405072,56.99956711675925,0.0323550436854647,1.0371359809372513,0.06054088819671688,1.7980427218585935
173,Financials,Property & Casualty Insurance,HIG,41.77171191421765,42.111567434471816,41.45026250992847,41.79652899126291,0.024817077045274034,0.6613049245432883,0.06043133191584446,1.6259197558069096
190,Health Care,Biotechnology,INCY,80.26372509928507,81.82605115170773,78.61125655281973,80.25800881652113,-0.005716282764098575,3.21479459888801,0.06009054288339995,4.112560857351591
282,Industrials,Industrial Machinery,FTV,61.09571960297766,61.58872034739462,60.63979404466498,61.1264516129032,0.0307320099255582,0.9489263027295293,0.0599869985521268,1.5915287119229973
231,Health Care,Managed Health Care,CNC,56.29774622716444,57.03187863383643,55.553246703733166,56.323987291501176,0.026241064336775293,1.4786319301032558,0.059795399269993145,2.608171163849272
222,Health Care,Health Care Supplies,COO,165.2538791898333,166.77239499602874,163.73045861795092,165.34057188244623,0.08669269261318534,3.041936378077843,0.059716358999921,1.8687085923961195
345,Information Technology,Semiconductors,QRVO,62.19302816901412,63.19883892445583,61.150867989756684,62.22192061459668,0.02889244558258649,2.047970934699107,0.05934950842921932,3.3740120710410393
422,Utilities,Multi-Utilities,CMS,36.26477760127089,36.53121652104851,35.99937394757749,36.285226370135014,0.020448768864177864,0.5318425734710089,0.058418847410976346,1.4848353655999875
98,Consumer Staples,Packaged Foods & Meats,TSN,49.402990468625845,49.879245194598816,48.943924622716516,49.429698173153234,0.026707704527402752,0.9353205718824475,0.058084896906817014,1.9252983771044452
75,Consumer Staples,Agricultural Products,ADM,42.37951945988878,42.762705877680744,42.01937029388402,42.40211278792688,0.02259332803812563,0.743335583796665,0.05794716647255468,1.7723547317375583
261,Industrials,Building Products,FBHS,50.382652899126334,50.88640635424943,49.89711771247015,50.41117950754566,0.02852660841938062,0.9892886417791907,0.05792753807374399,2.050097754641658
425,Utilities,Multi-Utilities,ES,51.25877003205135,51.63938806089742,50.8854238782051,51.28840945512816,0.029639423076923084,0.7539641826923074,0.05774109872034582,1.4752751710344434
272,Industrials,Environmental & Facilities Services,RSG,45.54036934074665,45.82058895949168,45.2863899126291,45.56663224781578,0.026262907069102382,0.5341990468625885,0.05738059113827551,1.2000788260949886
89,Consumer Staples,Packaged Foods & Meats,CPB,49.83653820492462,50.23079642573469,49.46291358220811,49.864789515488475,0.02825131056393961,0.7678828435266087,0.05733344636406953,1.5401376409665897
331,Information Technology,Internet Services & Infrastructure,ADP,86.96032168387607,87.55285210484497,86.3496542494043,87.00940111199355,0.049079428117553496,1.2031978554408287,0.05670642597803541,1.3812942090600075
248,Industrials,Agricultural & Farm Machinery,DE,94.74861405877682,95.49435083399514,94.03482724384432,94.80416203335986,0.05554797458300238,1.4595235901509123,0.05650470013534107,1.5589566021827894
203,Health Care,Health Care Equipment,BSX,17.895421048451155,18.063172200158853,17.724315409054782,17.90389197776014,0.008470929308975427,0.33885679110405104,0.056306344804395364,2.000295380315037
285,Industrials,Industrial Machinery,ITW,102.19494837172365,102.88698189038932,101.54521302621121,102.25405480540122,0.05910643367752184,1.3417688641779195,0.056243890713791725,1.325958795085021
259,Industrials,Building Products,AOS,36.439634630659285,36.76449880857827,36.11661691818907,36.46065329626687,0.021018665607625105,0.6478818903891977,0.055342104697720995,1.8393452460082154
142,Financials,Diversified Banks,CMA,51.64768864177925,52.17689817315324,51.13835146942015,51.674078633836345,0.02638999205718825,1.0385467037331235,0.05533186859762102,2.0426044345585743
159,Financials,Investment Banking & Brokerage,SCHW,30.972843208895977,31.30098220810163,30.63843200953141,30.988927720412942,0.01608451151707709,0.662550198570294,0.055284188754417735,2.1882776029301003
227,Health Care,Life Sciences Tools & Services,MTD,356.10082605242303,359.26321008737,353.07946386020694,356.29749801429665,0.19667196187450334,6.183746227164425,0.05481008821458395,1.7921748729101017
78,Consumer Staples,Distillers & Vintners,STZ,124.67694980142997,125.67201127879265,123.67454019062764,124.7117077045275,0.034757903097696406,1.9974710881652076,0.05414312849497863,1.6614250581539425
333,Information Technology,Internet Services & Infrastructure,VRSN,71.54669976171556,72.19009626687853,70.96604551231137,71.58306671961883,0.036366957903097435,1.2240507545671178,0.05394643339705293,1.7272460538790735
223,Health Care,Health Care Supplies,XRAY,53.79490301826847,54.243296346306586,53.34085321683874,53.82188244638607,0.02697942811755359,0.9024431294678301,0.053785161184358055,1.6629304857256504
313,Information Technology,Communications Equipment,MSI,70.36849880857828,70.91341334392371,69.86710698967418,70.4038999205719,0.03540111199364585,1.0463063542494029,0.05353444316064575,1.4813212580243587
431,Utilities,Multi-Utilities,XEL,36.763872200158886,37.021236775218405,36.50306195393169,36.78365766481333,0.019785464654487623,0.5181748212867355,0.05349270638495716,1.4234975385034638
168,Financials,Multi-line Insurance,LNC,53.46302223987288,54.01901556791096,52.918703256552774,53.48462271644173,0.021600476568705496,1.10031231135822,0.053256087997612354,2.1171679257087437
418,Utilities,Electric Utilities,WEC,52.29568308181095,52.68782787926924,51.907044559173954,52.32333995234317,0.027656870532168355,0.780783320095315,0.053199821792533825,1.5026656744993319
104,Consumer Staples,Tobacco,MO,53.74169992057192,54.111762589356594,53.37653486894357,53.76911834789517,0.027418427323272532,0.7352277204130261,0.0529965476881561,1.3631870410846105
90,Consumer Staples,Packaged Foods & Meats,GIS,55.59682200158856,55.97203669579021,55.23811795075448,55.62522637013494,0.028404368546465466,0.7339187450357432,0.05287451708615575,1.3181226284072909
4,Communication Services,Cable & Satellite,CHTR,207.98953534551234,210.40103939634648,205.63657442414606,208.08838911834812,0.09885377283558394,4.764464972200159,0.05250594766534813,2.324859890375028
324,Information Technology,Electronic Equipment & Instruments,FLIR,32.93404686258932,33.245052263701346,32.63126687847497,32.95123431294675,0.017187450357426484,0.6137853852263707,0.052353917068637734,1.8778928993288515
297,Industrials,Research & Consulting Services,NLSN,43.45559968228752,43.833014455917365,43.09891040508341,43.478959491660014,0.023359809372517915,0.7341040508339948,0.05225946966342072,1.710947337737216
228,Health Care,Life Sciences Tools & Services,TMO,134.18346306592548,135.19769864972184,133.15229912629087,134.24706115965046,0.06359809372517838,2.045399523431295,0.052127537969709176,1.537814642678391
162,Financials,Life & Health Insurance,PFG,50.775071485305816,51.20686648133443,50.32897370929307,50.796695790309826,0.02162430500397134,0.8778927720413021,0.05212528296031879,1.764668524415905
81,Consumer Staples,Food Retail,KR,28.484666401906235,28.753201191421784,28.21988490865766,28.496989674344707,0.012323272438443215,0.5333162827640987,0.051983946043639345,1.8523265124721622
63,Consumer Discretionary,Leisure Products,HAS,70.83037212073059,71.4831057982526,70.18752446386029,70.86050833995236,0.030136219221604532,1.2955813343923732,0.05197415157456084,1.8249427569179923
160,Financials,Life & Health Insurance,AFL,66.08916203335967,66.54092907069106,65.66906004765673,66.12238681493251,0.033224781572676554,0.8718690230341534,0.05189528333959093,1.3389380856811857
49,Consumer Discretionary,Home Improvement Retail,LOW,65.17691898332006,65.76043518665603,64.65109809372512,65.20807783955522,0.03115885623510734,1.1093370929308968,0.05152192369340569,1.7089648521525485
298,Industrials,Research & Consulting Services,VRSK,72.72239872914992,73.26457839555206,72.20365027799829,72.76034630659254,0.03794757744241448,1.0609281175536136,0.05146849027871432,1.475696713862481
174,Financials,Property & Casualty Insurance,PGR,32.01053216838762,32.23081048451148,31.79943471008738,32.027092930897545,0.01656076250992847,0.4313757744241461,0.050985597287477466,1.3448199901743048
170,Financials,Property & Casualty Insurance,ALL,67.1936838760921,67.62583502779988,66.80153200953141,67.2284829229547,0.03479904686258922,0.8243030182684661,0.05075135052061171,1.2395546316773416
212,Health Care,Health Care Equipment,SYK,101.43879070691034,102.14873455123121,100.72676600476566,101.48760127084974,0.0488105639396349,1.4219685464654486,0.04948164648058831,1.4063000179210932
155,Financials,Insurance Brokers,WLTW,133.87541666666664,134.93120056818185,132.71003314393923,133.9382007575756,0.06278409090909103,2.2211674242424246,0.04925150653872163,1.6927321252158887
321,Information Technology,Data Processing & Outsourced Services,WU,18.512013582208123,18.681904447974574,18.35513089753776,18.5204805401112,0.008466957903097722,0.32677355043685474,0.04882934162087887,1.781715568284607
103,Consumer Staples,Soft Drinks,PEP,97.42172994440023,97.98894416203359,96.89305512311356,97.4681572676728,0.04642732327243826,1.095889038919778,0.0484819245199624,1.1347466390762355
308,Information Technology,Application Software,ORCL,40.36892832140022,40.68189164677802,40.08709538583926,40.386626093874334,0.017697772474144807,0.5947962609387435,0.04795868743133765,1.4889933869405645
267,Industrials,Diversified Support Services,CTAS,88.38347116759344,88.99747037331211,87.74005162827653,88.41803097696595,0.03455980937251801,1.2574187450357446,0.047771210234536975,1.4320345830152257
72,Consumer Discretionary,Specialty Stores,ORLY,204.33396354249413,206.24202422557596,202.48699793486895,204.41181731532976,0.07785377283558316,3.755026290706917,0.047675884145229885,1.8099194226286643
268,Industrials,Electrical Components & Equipment,AME,52.332124702144505,52.72849444003172,51.94608212867362,52.357029388403504,0.02490468625893556,0.7824123113582221,0.04740213390354653,1.514291130880465
219,Health Care,Health Care Services,DGX,74.43211675933283,75.0350711675933,73.86801874503567,74.46902382843518,0.03690706910246224,1.1670524225575858,0.04738854800117531,1.6010925687725497
32,Consumer Discretionary,"Apparel, Accessories & Luxury Goods",VFC,60.876833359809375,61.39706139793491,60.35269348689442,60.90233057982527,0.025497220015885634,1.044367911040507,0.047177046710028786,1.7244640440741945
410,Utilities,Electric Utilities,ED,67.18972597299434,67.655464892772,66.71814169976167,67.2230023828436,0.033276409849086544,0.9373231930103274,0.04714655638572379,1.4021377633161833
266,Industrials,Construction Machinery & Heavy Trucks,PCAR,60.55725972994436,61.10060969023033,59.99624845115163,60.58102462271645,0.023764892772041378,1.1043612390786344,0.04688742802957416,1.84682177201683
96,Consumer Staples,Packaged Foods & Meats,MKC,83.29021834789523,83.8620332009531,82.73195599682292,83.32607625099288,0.03585790309769682,1.1300772041302622,0.04682826840272364,1.3505040114190594
280,Industrials,Industrial Machinery,DOV,77.82842732327248,78.526651310564,77.14622033359805,77.86285146942026,0.03442414614773624,1.3804309769658445,0.04668022436623058,1.8213516153751335
217,Health Care,Health Care Facilities,UHS,106.08505559968228,107.2447636219222,104.90950786338352,106.13315329626673,0.04809769658459102,2.335255758538521,0.04654343490090969,2.1949765887936965
79,Consumer Staples,Drug Retail,WBA,73.0667712470213,73.749932406672,72.38137299444,73.0920015885622,0.02523034154090564,1.3685594122319318,0.04644368536489355,1.8845238286404549
198,Health Care,Health Care Distributors,WAT,131.25476489277168,132.299322239873,130.20162454328837,131.31683478951547,0.06206989674344674,2.09769769658459,0.04641355945641377,1.6004265437530178
387,Real Estate,Residential REITs,AIV,37.47486100079437,37.792993089753786,37.15344146147738,37.49065925337569,0.01579825258141395,0.6395516282764104,0.04599018905178449,1.7134254289866544
133,Financials,Asset Management & Custody Banks,NTRS,71.6442254169976,72.26055083399513,71.02567299444007,71.67401747418576,0.029792057188244944,1.2348778395552045,0.04576996548557347,1.7299928747571531
180,Financials,Regional Banks,MTB,128.0518705321685,129.06496703733117,127.0247549642573,128.1102700555995,0.05839952343129477,2.040212073073867,0.04508245870393856,1.5903675259475891
366,Materials,Metal & Glass Containers,BLL,33.16222200158852,33.41835178713263,32.8935786338364,33.17507942811753,0.012857426528991314,0.5247731532962672,0.044784116815455396,1.5796377197027884
21,Consumer Discretionary,Apparel Retail,LB,66.42372120730731,67.14950826052426,65.71188427323281,66.44763701350287,0.023915806195393078,1.4376239872915026,0.044717749122815516,2.2185446127885626
286,Industrials,Industrial Machinery,PH,125.68210881652111,126.73133955520258,124.61942525814138,125.7333677521843,0.05125893566322473,2.1119142970611593,0.04468712990647401,1.7193773245675228
66,Consumer Discretionary,Restaurants,MCD,114.14522200158864,114.84208856235126,113.50627974583004,114.19626687847496,0.05104487688641802,1.3358088165210475,0.044424751893785266,1.1731453317473626
294,Industrials,Railroads,UNP,96.49735186656069,97.33405250198562,95.7165889594916,96.53719618745025,0.03984432088959492,1.6174635424940433,0.04419728536133889,1.686400043609711
407,Utilities,Electric Utilities,AEP,58.4403057982526,58.86015464654486,58.021686814932394,58.466139793486946,0.025833995234312984,0.8384678316123904,0.04408322970514402,1.4481116787401875
262,Industrials,Building Products,JCI,40.90810071485314,41.25126012708498,40.578484352660986,40.925486894360795,0.017386179507545688,0.6727757744241453,0.0440428457273676,1.657170648628232
335,Information Technology,Semiconductor Equipment,KLAC,72.3631454328832,73.04231731532975,71.67358165210472,72.39090309769657,0.027757664813343953,1.3687356632247802,0.043717520303229264,1.880908221157233
373,Materials,Specialty Chemicals,ECL,112.41474980142974,113.16779102462272,111.67487482128666,112.45897537728358,0.044225575853852575,1.4929162033359817,0.0434715355572235,1.347014553385553
220,Health Care,Health Care Services,LH,119.64764495631438,120.60475504368553,118.69526648133429,119.69945988880082,0.051814932486099946,1.909488562351076,0.04332767407232534,1.6011592836891606
367,Materials,Paper Packaging,AVY,64.4475416203337,64.94932708498804,63.94761429706122,64.47580619539325,0.028264575059571084,1.001712787926926,0.0433256241941853,1.589891708026024
405,Real Estate,Specialized REITs,SBAC,108.7161675933279,109.75656187450362,107.68442716441626,108.76632684670376,0.050159253375694955,2.0721347100873695,0.04323999468032019,1.907784995787476
290,Industrials,Industrial Machinery,XYL,41.41547267672748,41.76388498808589,41.076026370135,41.43409451945987,0.018621842732327167,0.6878586179507564,0.04298357585819327,1.7037779823033994
195,Health Care,Health Care Distributors,CAH,72.28358220810172,72.90623979348698,71.67567839555201,72.31219221604447,0.028610007942811516,1.2305613979348693,0.04285226449308305,1.7035520564627227
426,Utilities,Multi-Utilities,EXC,33.66422160444798,33.969245988880104,33.36908474980138,33.67821286735502,0.013991262907069101,0.6001612390786342,0.04245275975684817,1.7995250853884162
181,Financials,Regional Banks,PNC,95.0261159650516,95.77636918189037,94.30877426528984,95.06642573471,0.040309769658459046,1.4675949166004765,0.04229915965502868,1.5432729012103525
430,Utilities,Multi-Utilities,SRE,101.30560762509937,102.0702087370928,100.54172684670375,101.34629070691031,0.040683081810961204,1.5284818903891968,0.042280027008050294,1.5172256342546482
251,Industrials,Air Freight & Logistics,FDX,162.25398339952343,163.56166258935656,161.01556664019063,162.3173153296268,0.06333193010325668,2.546095949166005,0.04210129209674732,1.600071093678903
87,Consumer Staples,Hypermarkets & Super Centers,WMT,75.39099658459097,75.9023710881653,74.92681389992069,75.42371723590146,0.032720651310564446,0.9755571882446396,0.042086487227855005,1.2983699529466806
432,Utilities,Water Utilities,AWK,60.12553613979354,60.56986560762509,59.680333598093675,60.15078633836376,0.0252501985702938,0.8895320095313732,0.04173498566851858,1.4862736478983236
226,Health Care,Life Sciences Tools & Services,IQV,67.53625313283227,68.18711102756879,66.8697174603175,67.56620718462827,0.029954051796156938,1.3173935672514618,0.041476188894377736,1.9926810916524031
0,Communication Services,Advertising,IPG,20.14962247815727,20.33365607625097,19.967156235107193,20.15734789515488,0.007725416997617182,0.366499841143765,0.041469810111046834,1.8353059137418546
202,Health Care,Health Care Equipment,BDX,146.9552442414612,147.97237291501196,145.8916355837963,147.02008737092916,0.06484312946783181,2.0807373312152486,0.040957207135685,1.397446562592477
209,Health Care,Health Care Equipment,MDT,71.14175718824467,71.66007378872126,70.62594535345512,71.16799046862589,0.02623328038125517,1.0341284352660869,0.04084321116503694,1.461130620659662
101,Consumer Staples,Soft Drinks,KO,42.09836997617155,42.345503494837224,41.86899928514691,42.11642573471009,0.018055758538522454,0.47650420969023066,0.04060170218080275,1.1364846710885843
429,Utilities,Multi-Utilities,PNW,67.53129078633827,68.02775877680693,67.02743558379672,67.56025416997616,0.02896338363780782,1.0003231930103262,0.04060112198146839,1.4998965236109894
208,Health Care,Health Care Equipment,ISRG,201.8887514694197,203.85556417791878,199.95035043685394,201.9753898332009,0.08663836378077781,3.9052137410643297,0.040529433483469726,2.0044324645516074
61,Consumer Discretionary,Internet & Direct Marketing Retail,EBAY,42.32241493248609,42.729554725973074,41.9230379666402,42.33258220810165,0.01016727561556793,0.8065167593328044,0.04038331719156864,1.9370308261627402
383,Real Estate,Office REITs,ARE,91.94706513105636,92.68540198570295,91.1907808578236,91.98567911040504,0.038613979348689556,1.4946211278792665,0.04007536711438762,1.6407895755426336
97,Consumer Staples,Packaged Foods & Meats,SJM,115.20636489277196,116.03139126290705,114.37681302621108,115.25293884034949,0.04657394757744253,1.6545782366957893,0.0399185642296814,1.4388764411588981
411,Utilities,Electric Utilities,EIX,63.121937251787216,63.61215329626679,62.626702144559125,63.1467394757745,0.0248022239872914,0.9854511517077047,0.03972880456522615,1.5790154672382835
415,Utilities,Electric Utilities,PEG,40.6151787132644,40.939218189038975,40.285370373312176,40.63268467037333,0.017505957108816503,0.6538478157267678,0.039472856270646256,1.615011299113527
256,Industrials,Airlines,LUV,37.489456870532095,37.92369356632247,37.04772637013504,37.498586100079436,0.009129229547259705,0.8759671961874492,0.039469725695583185,2.343063546776881
65,Consumer Discretionary,Restaurants,DRI,63.64211675933275,64.21028816521061,63.09799308975382,63.664042891183435,0.021926131850675,1.1122950754567127,0.03931627532605336,1.7493931873044775
374,Materials,Specialty Chemicals,IFF,111.76356235107208,112.60822454328824,110.9228552025416,111.80523431294688,0.04167196187450323,1.6853693407466261,0.03926028941467904,1.5132435197925762
224,Health Care,Health Care Technology,CERN,59.096254964257334,59.658352978554404,58.52512970611598,59.11763542494047,0.02138046068308189,1.133223272438445,0.03908063566243729,1.9291022284580606
401,Real Estate,Specialized REITs,EQIX,290.3103018268471,293.158626449563,287.37057450357395,290.43088800635434,0.12058617950754545,5.788051945988876,0.038999211899864314,2.0583931771502333
68,Consumer Discretionary,Restaurants,YUM,75.42209872914997,76.02712343129471,74.84491429706111,75.45100873709303,0.028910007942811622,1.1822091342335175,0.038867615767698115,1.5653812092876593
148,Financials,Financial Exchanges & Data,ICE,48.73960223285487,49.15094282296653,48.326590669856444,48.75515948963317,0.015557256778309454,0.8243521531100491,0.038723959000133416,1.734000518771875
408,Utilities,Electric Utilities,D,70.81461477362998,71.3139156473392,70.30199245432878,70.84073073868153,0.026115965051628297,1.0119231930103256,0.03837866395102812,1.432320983416228
311,Information Technology,Communications Equipment,FFIV,113.23767084988059,114.43618355837962,112.08215901509139,113.29063947577437,0.052968625893566525,2.3540245432883222,0.03825239891041176,2.125821512638052
88,Consumer Staples,Packaged Foods & Meats,CAG,37.40079825258143,37.68580627482128,37.12033272438447,37.41592533756951,0.01512708498808575,0.565473550436855,0.03809907100967991,1.505086722743694
376,Materials,Specialty Chemicals,PPG,100.16525814138208,100.95217474185867,99.39258586179504,100.19876092136609,0.03350277998411445,1.5595888800635396,0.038050278315022626,1.5768454601509527
77,Consumer Staples,Distillers & Vintners,BF.B,46.23300039714059,46.60065774424145,45.86821866560759,46.252629070691015,0.01962867355043695,0.7324390786338351,0.038039992624640875,1.578040478913115
193,Health Care,Health Care Distributors,ABC,82.06642970611594,82.78177394757739,81.349889197776,82.09297855440833,0.026548848292295466,1.4318847498014315,0.037965254707518804,1.7279321923942454
164,Financials,Life & Health Insurance,UNM,36.792875297855424,37.11312930897534,36.47683836378082,36.80374900714843,0.010873709293089904,0.6362909451945998,0.03742799144549464,1.7620455464630822
85,Consumer Staples,Household Products,KMB,114.75624789515473,115.51968832406666,114.02673788721224,114.80027005559981,0.044022160444797405,1.492950436854647,0.03731413345362729,1.2998527774266404
271,Industrials,Electrical Components & Equipment,ROK,123.72312152501988,124.80326187450379,122.64612644956313,123.75925337569518,0.03613185067513876,2.1571354249404298,0.03729187679651173,1.770404568893542
348,Information Technology,Semiconductors,XLNX,49.81931612390792,50.270836775218456,49.35950540111198,49.83347418586186,0.014158061953931576,0.9113313741064331,0.03715427868900056,1.841512260844392
105,Consumer Staples,Tobacco,PM,93.02486505162831,93.64407768069908,92.41847887212091,93.0600953137411,0.03523026211278795,1.2255988085782359,0.036738897933072244,1.3217608261463427
200,Health Care,Health Care Equipment,ABT,42.92475806195392,43.258709849086586,42.60101945988883,42.940325655281995,0.015567593328037957,0.657690389197776,0.0367060757950499,1.5436364883260367
423,Utilities,Multi-Utilities,CNP,23.540849880857817,23.73276203335978,23.351576806989694,23.54952740270055,0.008677521842732353,0.38118522637013547,0.0366924074218932,1.6539092307850367
194,Health Care,Health Care Distributors,BMY,56.835656642800274,57.376035799522576,56.3065828162291,56.852879872712826,0.017223229912490017,1.0694529832935566,0.03664787606899183,1.877424740914116
163,Financials,Life & Health Insurance,PRU,87.01823661636213,87.8053554408261,86.25949722001582,87.043995234313,0.025758617950754625,1.5458582208101694,0.036638256964867215,1.8190438930289927
381,Real Estate,Industrial REITs,DRE,21.417045274027,21.597911358220735,21.2329795869738,21.424686258935647,0.007640984908657664,0.36493177124702164,0.036286172930175824,1.7400961789354712
221,Health Care,Health Care Supplies,ALGN,83.62693804606832,84.66559372517871,82.52461596505155,83.664518268467,0.037580222398729254,2.140977760127086,0.03623018868909413,2.5162728236089666
284,Industrials,Industrial Machinery,IR,67.1399523431295,67.71506719618753,66.5868731532963,67.16438443208892,0.02443208895949163,1.1281940428911832,0.036138625535532265,1.7139645646541355
176,Financials,Regional Banks,CFG,28.80550000000002,29.132458000000046,28.475323764705877,28.81504117647054,0.009541176470588473,0.6571342352941176,0.036064220975784135,2.3233727998462843
424,Utilities,Multi-Utilities,DTE,85.21248212867343,85.8041483717236,84.60175972994446,85.24238284352653,0.029900714853057935,1.2023886417791918,0.0360220155438406,1.4257888224723199
183,Financials,Regional Banks,ZION,32.161477124702174,32.509289753772855,31.80224114376492,32.171790309769655,0.010313185067513898,0.7070486100079417,0.035940487089648594,2.2284380966530186
83,Consumer Staples,Household Products,CL,67.42871731532968,67.85083185067508,67.02005512311364,67.45219618745035,0.023478872120730875,0.8307767275615573,0.03543385602588195,1.2400104118511337
199,Health Care,Health Care Equipment,A,49.187863383637776,49.600058697378856,48.78202597299444,49.20202541699766,0.014162033359809208,0.8180327243844322,0.03536053797766735,1.6979926048640965
325,Information Technology,Electronic Manufacturing Services,TEL,64.14378689436059,64.64816020651315,63.64582700556,64.1630579825258,0.01927108816521047,1.002333200953139,0.034954927757274434,1.5795252978527785
175,Financials,Property & Casualty Insurance,TRV,105.2619102462273,105.90109729944402,104.62860071485316,105.29890786338355,0.036997617156473685,1.2724965845909457,0.03489696447961329,1.2078414640155868
84,Consumer Staples,Household Products,CLX,111.45704924543293,112.19935393169169,110.71765552025398,111.49233518665618,0.03528594122319312,1.4816984114376481,0.03488424711788842,1.323704800127178
121,Energy,Oil & Gas Exploration & Production,PXD,163.73668784749805,166.05630802223965,161.38549396346312,163.77706910246206,0.040381254964257735,4.670814058776811,0.03451551093335661,2.9137099128085793
128,Financials,Asset Management & Custody Banks,AMP,114.0823614773629,115.0999845909451,113.06971421763309,114.1116838760922,0.029322398729150063,2.030270373312155,0.034328119259063324,1.8038040760573009
80,Consumer Staples,Food Distributors,SYY,43.06207307386811,43.355958697378824,42.78417029388396,43.07771247021448,0.015639396346306584,0.5717884034948376,0.03424425960754803,1.3280197310376438
48,Consumer Discretionary,Home Improvement Retail,HD,114.92895146942016,115.77585837966619,114.10866219221609,114.9728435266084,0.043892057188244724,1.6671961874503585,0.03403274441148345,1.463605209559503
15,Communication Services,Movies & Entertainment,FOXA,30.896007014542384,31.21541881950389,30.586553635586,30.905267750213852,0.009260735671514012,0.6288651839178785,0.03379198068809852,2.0516906976727034
400,Real Estate,Specialized REITs,DLR,79.46162430500384,80.2034458300237,78.67989308975373,79.48783161239083,0.026207307386814732,1.5235527402700562,0.03356708979947792,1.9460695106514956
143,Financials,Diversified Banks,JPM,67.61748125496433,68.14504972200147,67.09867021445594,67.64323272438439,0.025751469420174703,1.0463795075456706,0.033476907384844504,1.5736648521592806
25,Consumer Discretionary,"Apparel, Accessories & Luxury Goods",NKE,48.76229539316919,49.16320349483717,48.36645830023826,48.77831175536133,0.016016362192216114,0.7967451945988887,0.032837649125480914,1.6113120819363773
46,Consumer Discretionary,Home Furnishings,LEG,41.98086179507548,42.31439936457499,41.63541930103261,41.99123113582208,0.01036934074662432,0.6789800635424933,0.03283677642344296,1.635381116101101
305,Information Technology,Application Software,CRM,69.08715583796659,69.82770381254959,68.33654797458307,69.10968625893575,0.022530420969022753,1.4911558379666372,0.03256248264650881,2.2654256017440484
91,Consumer Staples,Packaged Foods & Meats,HRL,29.8307457505957,30.066191421763268,29.591325019857006,29.837982525814194,0.00723677521842734,0.4748664019062751,0.03247607843799953,1.5538212778580822
152,Financials,Insurance Brokers,AJG,48.610432883240634,48.92056004765691,48.29175234312952,48.62541699761719,0.014984114376489081,0.6288077045274026,0.032045748283167155,1.302451781461964
252,Industrials,Air Freight & Logistics,UPS,102.51018268467054,103.14105464654476,101.90823407466237,102.54175536139788,0.03157267672756201,1.2328205718824468,0.03191845557549432,1.2011271623846076
16,Communication Services,Movies & Entertainment,NFLX,94.85403240667185,96.18729825258117,93.48348729150094,94.90615210484518,0.05211969817315311,2.7038109610802197,0.031871633829804485,2.9914961755817244
300,Industrials,Trucking,JBHT,83.01665607625112,83.76298721207296,82.28650381254965,83.04664376489282,0.02998768864177923,1.4764833995234317,0.031463530259280566,1.7794156912957082
392,Real Estate,Residential REITs,UDR,32.09409849086581,32.36461048451154,31.817857664813438,32.10366957903095,0.009571088165210415,0.5467528196981722,0.031429645968372485,1.7109001012476739
144,Financials,Diversified Banks,USB,43.84909777601274,44.14868006354247,43.55864535345515,43.86176727561552,0.012669499602859624,0.5900347100873718,0.031094207083382033,1.3503423808442487
185,Financials,Thrifts & Mortgage Finance,PBCT,15.79307871326448,15.918613661636208,15.662490309769659,15.797397855440847,0.004319142176330416,0.2561233518665601,0.03082431534718028,1.6173502381713754
270,Industrials,Electrical Components & Equipment,ETN,67.76611199364577,68.34505591739483,67.17929586973794,67.78467831612392,0.01856632247815731,1.165760047656872,0.030655392493462347,1.7552036808933573
317,Information Technology,Data Processing & Outsourced Services,MA,93.22255718824445,93.93634289118354,92.51596560762515,93.2537791898332,0.031222001588562004,1.4203772835583803,0.03043338464539663,1.5529863858669584
206,Health Care,Health Care Equipment,HOLX,32.3150198570294,32.62617768069898,31.992279269261296,32.325293089753806,0.010273232724384487,0.6338984114376495,0.030340242212193946,1.9820866046817047
99,Consumer Staples,Personal Products,EL,83.94429221604442,84.58924471803016,83.33329451945986,83.97610802223979,0.03181580619539304,1.255950198570293,0.030213431785496674,1.5063777609567095
171,Financials,Property & Casualty Insurance,CB,115.28966243050058,116.00861183478969,114.55749118347914,115.32315329626695,0.03349086576648151,1.451120651310564,0.029931763769859773,1.2614195971483249
130,Financials,Asset Management & Custody Banks,BK,40.20586973788727,40.52439030976966,39.891012629070694,40.21694996028594,0.01108022239872932,0.6333776806989665,0.02989231373460189,1.5989990253559865
138,Financials,Consumer Finance,DFS,57.99316123907863,58.46621882446391,57.52109515488484,58.00950754567117,0.016346306592533846,0.9451236695790333,0.029651471622550343,1.6447782084160654
71,Consumer Discretionary,Specialty Stores,KMX,56.281513105639476,56.890843288324064,55.67833717235906,56.295448768864155,0.013935663224781788,1.212506115965052,0.029628541702840388,2.1795448444037255
102,Consumer Staples,Soft Drinks,MNST,39.051156155679095,39.459483717235834,38.63957212073074,39.06191382049241,0.010757664813343908,0.819911596505162,0.029516895872217272,2.1882010758413046
158,Financials,Investment Banking & Brokerage,RJF,58.62381652104847,59.143979189833246,58.0661119936458,58.640460683081926,0.01664416203335981,1.077867196187451,0.029377515463706958,1.8632267098250197
288,Industrials,Industrial Machinery,SNA,139.25889197776016,140.3301930897537,138.14591501191467,139.28999205718813,0.031100079428117124,2.184278077839559,0.029159788310818478,1.5636253125066337
279,Industrials,Industrial Machinery,CMI,134.61518268467026,135.81095599682297,133.4404532962668,134.64493248610026,0.029749801429705913,2.3705027005559995,0.029145338239742625,1.810649341793963
412,Utilities,Electric Utilities,ETR,73.46083717235909,74.04764344718036,72.87484162033353,73.4819301032564,0.02109293089753781,1.1728018268467022,0.028990441415945197,1.5993478681695257
178,Financials,Regional Banks,HBAN,10.618889594916608,10.721969261318517,10.513176648133447,10.621371564733927,0.002481969817315325,0.20879261318506767,0.028495420692733597,1.9762555708362914
235,Health Care,Pharmaceuticals,JNJ,107.31420976965853,107.93497378872122,106.67817426528997,107.34156473391594,0.027354964257346983,1.2567995234312948,0.02845494325848552,1.1799538290561435
43,Consumer Discretionary,General Merchandise Stores,DG,69.56614376489279,70.21025798252585,68.92473391580623,69.58420571882446,0.0180619539316918,1.2855240667196197,0.02757453756063849,1.8535597704385176
182,Financials,Regional Banks,RF,10.932434551231133,11.052529070691019,10.815292692613177,10.935607625099292,0.003173073868149299,0.23723637807783954,0.027479845891678508,2.2007017895856307
258,Industrials,Building Products,ALLE,64.16677798682979,64.74000329256826,63.5782516462842,64.18211194731893,0.015333960489181732,1.1617516462841002,0.027459245063928328,1.8676899254700359
54,Consumer Discretionary,"Hotels, Resorts & Cruise Lines",HLT,66.28403985507242,66.78783695652174,65.78455217391299,66.30644927536231,0.02240942028985508,1.0032847826086957,0.027442131711368365,1.5148977628990128
334,Information Technology,Semiconductor Equipment,AMAT,25.83879658459097,26.114574583002373,25.53844455917396,25.8389253375695,0.00012875297855436638,0.5761300238284349,0.027269489730380972,2.213488760043631
70,Consumer Discretionary,Specialty Stores,GPC,89.42884034948379,90.08400182684682,88.74586092136619,89.45334392374903,0.024503574265289884,1.3381409054805402,0.027252941826892665,1.5015033661004265
332,Information Technology,Internet Services & Infrastructure,AKAM,56.606090468625844,57.218038681493226,56.00950436854651,56.62541930103252,0.019328832406671978,1.2085343129467825,0.027181245848020525,2.1645550893624783
8,Communication Services,Interactive Home Entertainment,ATVI,32.72895154884823,33.091383717235914,32.338760047656855,32.73928117553614,0.010329626687847435,0.7526236695790306,0.02707909269131573,2.3106868360205923
41,Consumer Discretionary,Consumer Electronics,GRMN,47.4131212073074,47.87350254169976,46.95109396346305,47.42383121525021,0.010710007942811814,0.9224085782366969,0.026738108469642682,1.9690374412814633
93,Consumer Staples,Packaged Foods & Meats,K,67.74049547259716,68.2016566322478,67.28819078633838,67.75897140587757,0.01847593328038113,0.9134658459094499,0.02667303251741381,1.346701963560475
145,Financials,Diversified Banks,WFC,50.41677108816519,50.782104130262184,50.061090548054025,50.42951945988873,0.012748371723590233,0.7210135822081023,0.026654680813669698,1.4321511978027466
417,Utilities,Electric Utilities,SO,46.623505957108826,46.92194765687062,46.31203868149324,46.63677521842741,0.01326926131850668,0.6099089753772832,0.026520391710725427,1.3094298347618032
276,Industrials,Industrial Conglomerates,HON,106.2200354249405,106.8899250198571,105.54539396346306,106.24599682287527,0.02596139793486899,1.3445310563939634,0.02634634237740336,1.2868274899788024
179,Financials,Regional Banks,KEY,14.17322875297853,14.313933280381253,14.033190706910233,14.176497220015897,0.003268467037331211,0.2807425734710089,0.026291322012833976,1.9967859248924442
344,Information Technology,Semiconductors,QCOM,63.922927879269324,64.45844884829229,63.39276854646545,63.940961080222365,0.018033200953137474,1.0656803018268466,0.025995959502132012,1.7003038091596487
34,Consumer Discretionary,Auto Parts & Equipment,BWA,47.58563939634636,48.080716679904725,47.071581493248615,47.59609610802225,0.010456711675933416,1.0091351866560765,0.025949798578061543,2.1959998512141525
23,Consumer Discretionary,Apparel Retail,TJX,66.72825258141377,67.25646536934072,66.20853359809367,66.74356632247809,0.015313741064336759,1.0479317712470206,0.025864151346757982,1.5673350878652033
306,Information Technology,Application Software,CTXS,73.0272637013503,73.742027720413,72.27819412231926,73.0460643367753,0.01880063542494043,1.4638335980937263,0.025626075409160707,2.0313007719642924
236,Health Care,Pharmaceuticals,LLY,70.96554201747412,71.55601779189838,70.36812779984118,70.9842732327244,0.01873121525019844,1.1878899920571877,0.0255337549472537,1.6530531839220053
177,Financials,Regional Banks,FITB,21.295806195393126,21.498623193010317,21.091466640190635,21.3008141382049,0.005007942811755412,0.4071565528196988,0.024886320388118388,1.9233341510546398
299,Industrials,Trading Companies & Distributors,URI,90.18663907863382,91.46381501191425,88.90133764892778,90.2101826846704,0.023543606036537084,2.5624773629864976,0.024241467083279396,2.9882779930646945
28,Consumer Discretionary,"Apparel, Accessories & Luxury Goods",TIF,84.39299046862595,85.19123169181896,83.61638832406673,84.41141382049243,0.01842335186656104,1.574843367752185,0.024209343240146557,1.8900718293965795
169,Financials,Property & Casualty Insurance,AIG,55.69242740270044,56.12822438443212,55.265439475774336,55.70654487688637,0.01411747418586172,0.862784908657665,0.024043963560320503,1.5820308778585341
20,Consumer Discretionary,Apparel Retail,GPS,32.984055520254195,33.35605131056394,32.61453296266874,32.990484511517096,0.00642899126290707,0.7415183478951536,0.02394927062676835,2.3735274028400664
269,Industrials,Electrical Components & Equipment,EMR,58.71220413026212,59.17262954725978,58.25904598888007,58.72511914217644,0.012915011914217433,0.9135835583796661,0.023742939204104092,1.5843219879098671
123,Energy,Oil & Gas Refining & Marketing,PSX,78.2313114376491,79.03154964257345,77.43390293884032,78.25181493248608,0.020503494837172592,1.597646703733122,0.023622595556076924,2.088058006859039
59,Consumer Discretionary,Housewares & Specialties,NWL,38.55407466243046,38.90819245432889,38.193634233518665,38.56042891183478,0.006354249404289068,0.7145582208101661,0.023463006778463417,1.8741451254412147
14,Communication Services,Movies & Entertainment,FOX,30.521402908468787,30.81712181351582,30.218735158254898,30.527451668092425,0.006048759623609918,0.598386655260907,0.023193809410640746,1.97164609426945
124,Energy,Oil & Gas Refining & Marketing,VLO,57.59471810961085,58.32059078633829,56.852919380460726,57.61354249404287,0.018824384432089083,1.4676714058776807,0.023035049494465457,2.6037746462916975
391,Real Estate,Residential REITs,MAA,83.36211278792699,84.04072255758534,82.65178181096093,83.38066719618757,0.018554408260524066,1.3889407466243042,0.022813031722264145,1.6650434359983588
265,Industrials,Construction Machinery & Heavy Trucks,CAT,92.92094511517074,93.67507402700564,92.10109142176327,92.93962668784752,0.018681572676727386,1.5739826052422548,0.022807526180879858,1.730590321368956
283,Industrials,Industrial Machinery,GWW,230.31229555202555,232.42212001588564,228.1809291501194,230.36709293089748,0.05479737887212062,4.241190865766484,0.022357691453225997,1.87169989403904
126,Energy,Oil & Gas Storage & Transportation,OKE,49.32501191421768,49.89992613185064,48.72231715647344,49.33449166004769,0.00947974583002389,1.1776089753772851,0.022280444636845646,2.6299779224632354
409,Utilities,Electric Utilities,DUK,76.40875337569503,76.92639531374107,75.87898077839553,76.42594122319304,0.0171878474980146,1.0474145353455124,0.022182402528077728,1.3778703870049303
116,Energy,Oil & Gas Exploration & Production,CXO,116.3326791104052,118.0275573471009,114.56781270849892,116.35337569499602,0.020696584590945196,3.4597446386020634,0.022146248686117764,3.052750477512012
419,Utilities,Independent Power Producers & Energy Traders,AES,12.337339714058764,12.470018903891972,12.202694360603656,12.340048451151723,0.0027087370929308745,0.2673245432883242,0.022050683719134878,2.194587634735559
218,Health Care,Health Care Services,CVS,82.40791890389208,83.04423661636218,81.75708324066714,82.42001588562347,0.012096981731533115,1.287153375694994,0.021896315991351816,1.5630602614129787
86,Consumer Staples,Hypermarkets & Super Centers,COST,142.3828239078634,143.3269326449565,141.40989380460698,142.4150428117553,0.032218903891977776,1.9170388403494836,0.021837667606030974,1.3415147242006302
365,Materials,Industrial Gases,APD,132.59196981731523,133.55224694201726,131.58854344718011,132.61769658459096,0.02572676727561522,1.9637034948371732,0.02160793898012277,1.4937412065975628
398,Real Estate,Specialized REITs,AMT,101.01676806989671,101.8160382843527,100.23225536139793,101.03915806195384,0.022389992057188206,1.5837829229547271,0.021449742403826324,1.5780195465887612
197,Health Care,Health Care Distributors,MCK,169.7547734710086,171.32527283558386,168.12213828435293,169.77459094519483,0.019817474185861193,3.203134551231138,0.02140207577070545,1.8999705380276257
287,Industrials,Industrial Machinery,PNR,63.056207307386806,63.62658888006341,62.46861691818901,63.06738681493254,0.011179507545671047,1.1579719618745026,0.02139885475043304,1.8720337350232772
5,Communication Services,Cable & Satellite,CMCSA,29.99640603653693,30.24759674344722,29.733893248609995,30.003741461477357,0.00733542494042884,0.5137034948371717,0.021260570354934775,1.7152338207362376
56,Consumer Discretionary,"Hotels, Resorts & Cruise Lines",NCLH,44.11159968228757,44.66437490071491,43.54352859412238,44.11788721207307,0.006287529785544157,1.1208463065925358,0.020958230204560797,2.5774105223515926
201,Health Care,Health Care Equipment,BAX,59.32941620333594,59.74340667196189,58.897827720412955,59.334718030182735,0.005301826846703883,0.8455789515488463,0.020886698503721345,1.479852368967453
184,Financials,Reinsurance,RE,182.86793089753758,184.24131231135826,181.48712970611615,182.9029229547259,0.03499205718824461,2.754182605242257,0.020617530037357466,1.4987460019240955
370,Materials,Paper Packaging,SEE,40.46937450357434,40.85955067513898,40.07216147736303,40.47375694996023,0.004382446386020703,0.787389197776013,0.02048008745556298,1.9937881055960898
156,Financials,Investment Banking & Brokerage,GS,187.491358141382,189.12804575059585,185.90136878474956,187.5284590945195,0.03710095313741011,3.2266769658459094,0.020471064231596454,1.7343673382034146
44,Consumer Discretionary,General Merchandise Stores,DLTR,70.9338522637013,71.6504562351072,70.20668625893573,70.94902065131053,0.01516838760921355,1.443769976171566,0.019786665406302754,2.0223909038175734
382,Real Estate,Industrial REITs,PLD,45.8895988880063,46.25600754567114,45.502920015885586,45.89808975377283,0.008490865766481299,0.7530875297855443,0.019394957136268695,1.6584430247592061
390,Real Estate,Residential REITs,ESS,207.68152899126295,209.43700254169985,205.86735845909448,207.71353455123085,0.032005559968229645,3.569644082605242,0.019193720686360338,1.7284577674086348
289,Industrials,Industrial Machinery,SWK,106.71194400317717,107.46727942811759,105.92302287529786,106.72770452740274,0.015760524225576104,1.5442565528196972,0.01893010624585692,1.4713508614349522
58,Consumer Discretionary,Household Appliances,WHR,162.10501588562343,163.8680590945195,160.32751834789508,162.13520254169975,0.03018665607625064,3.540540746624304,0.01882560675215957,2.224861859086467
292,Industrials,Railroads,KSU,100.98267672756153,102.02387394757754,99.94816163621921,101.00065131056397,0.01797458300238272,2.075712311358223,0.018812124253419053,2.0855938182087965
404,Real Estate,Specialized REITs,PSA,198.46950357426522,200.06633113582203,196.81796814932454,198.5062569499604,0.03675337569499574,3.248362986497222,0.018514986802491647,1.6136508071605509
18,Communication Services,Publishing,NWSA,14.712464242942714,14.868044910179666,14.548343199315662,14.714502566295987,0.0020383233532933883,0.3197017108639867,0.01838975073614093,2.203778754296536
137,Financials,Consumer Finance,COF,76.73615567911037,77.35988737092934,76.08459380460684,76.74967434471804,0.013518665607625225,1.2752935663224796,0.018383604316427576,1.6793822979284299
108,Energy,Integrated Oil & Gas,XOM,87.65259729944401,88.23716870532164,87.0517309769659,87.66844718030194,0.0158498808578236,1.1854377283558382,0.018364507275453055,1.3654733711044078
172,Financials,Property & Casualty Insurance,CINF,59.40967037331218,59.7856670373311,58.99979714058778,59.41681493248608,0.007144559173947423,0.7858698967434476,0.01821798109502713,1.3219442280745097
402,Real Estate,Specialized REITs,EXR,66.68265289912628,67.28864988085786,66.05363653693422,66.69532168387609,0.012668784749801635,1.2350133439237483,0.018196802530669326,1.824124542475699
357,Materials,Construction Materials,MLM,155.58182208101678,157.40523558379675,153.7013324860999,155.6135980937252,0.03177601270849864,3.7039030976965814,0.018123265098075162,2.4055086127835588
341,Information Technology,Semiconductors,MCHP,54.41622446386022,54.91582176330423,53.881950198570316,54.424015091342326,0.007790627482128718,1.0338715647339143,0.018056431992004088,1.9169319806219338
17,Communication Services,Publishing,NWS,14.795106928999132,14.944982378100942,14.636796749358412,14.797733105218146,0.002626176218990566,0.30818562874251454,0.01804739357904697,2.110812219934738
354,Information Technology,"Technology Hardware, Storage & Peripherals",STX,44.42828038125496,45.033335980937274,43.81306068308179,44.43795313741064,0.009672756155679058,1.2202752978554412,0.017984632599542933,2.854261453140743
45,Consumer Discretionary,General Merchandise Stores,TGT,67.82820865766487,68.39793200953136,67.25355639396349,67.84036536934072,0.01215671167593331,1.1443756155679108,0.017648129212344654,1.6896595073385758
136,Financials,Consumer Finance,AXP,78.60554344718015,79.16633463065922,78.05201342335184,78.61601270849873,0.010469261318506801,1.114321207307387,0.017646499047660982,1.4352272498321224
329,Information Technology,IT Consulting & Other Services,IBM,167.2308706910246,168.36292764098474,166.15624749801412,167.26192613185083,0.031055440826052036,2.2066801429706104,0.017624979276935942,1.332982601708045
204,Health Care,Health Care Equipment,DHR,81.42052328767116,81.9235481869459,80.90926204673646,81.43746978243351,0.016946494762288315,1.0142861402095078,0.017218783890264704,1.2496310579387135
369,Materials,Paper Packaging,PKG,74.85273232724377,75.55193812549659,74.10657513899909,74.86203733121519,0.009305003971406016,1.4453629864972228,0.017181678023877635,1.9805793322286311
260,Industrials,Building Products,FAST,45.55084193804608,45.985378872120755,45.09045448768861,45.55820969023036,0.007367752184273213,0.8949243844320901,0.016928882415217072,1.9708728461259133
360,Materials,Diversified Chemicals,EMN,77.25501985702942,77.97126147736299,76.52411906274827,77.26507545671188,0.010055599682287426,1.4471424146147729,0.016491893399853106,1.9070382295087949
67,Consumer Discretionary,Restaurants,SBUX,48.34429602859411,48.717212152501965,47.95682668784756,48.35224583002383,0.00794980142970611,0.7603854646544869,0.016091661557634696,1.5763958868591785
281,Industrials,Industrial Machinery,FLS,54.37223232724384,54.91761612390792,53.81452922954726,54.37670643367757,0.004474106433677482,1.1030868943606023,0.015865209521644455,2.078519315423736
73,Consumer Discretionary,Specialty Stores,TSCO,72.85134233518666,73.5932196187451,72.07971509134234,72.85973312152504,0.008390786338363878,1.5135045274026997,0.0157115795607423,2.0855492652224936
196,Health Care,Health Care Distributors,HSIC,69.89021644162035,70.41756147736295,69.31615123113592,69.89932883240661,0.009112390786338593,1.1014102462271629,0.015491266265006534,1.567349544273965
53,Consumer Discretionary,"Hotels, Resorts & Cruise Lines",CCL,47.59571088165206,47.98765409054802,47.19746759332805,47.59809372517871,0.0023828435266084083,0.7901864972200164,0.015368228848374804,1.6712475096125434
254,Industrials,Airlines,ALK,61.7638582208102,62.52695051628281,60.97166640190629,61.767065131056555,0.003206910246226917,1.5552841143764906,0.015213683437472382,2.569099839968952
69,Consumer Discretionary,Specialty Stores,AZO,619.6706155679116,624.9363382843527,614.2743500397139,619.7036536934078,0.033038125496425805,10.661988244638618,0.014943767938921278,1.7173494984973765
131,Financials,Asset Management & Custody Banks,BLK,348.57791104050796,351.44751080222403,345.58659507545707,348.6289674344722,0.05105639396346282,5.860915726767284,0.014721679883517103,1.7192319272892962
22,Consumer Discretionary,Apparel Retail,ROST,49.9055961080222,50.35557323272436,49.45476814932487,49.91224821286734,0.0066521048451153005,0.9008050833995248,0.014153419020275738,1.7971584677113164
399,Real Estate,Specialized REITs,CCI,85.13040826052423,85.79093725178704,84.46941374106437,85.1435941223193,0.01318586179507531,1.3215235107227938,0.013958217310602913,1.5573029169312815
110,Energy,Oil & Gas Equipment & Services,HAL,46.96718752978554,47.541058538522634,46.38684305003973,46.9683717235902,0.0011841938046067715,1.1542154884829208,0.013043579289746468,2.5246636234909605
122,Energy,Oil & Gas Refining & Marketing,MPC,46.0801089753773,46.70937903097701,45.450304845115184,46.086600476568684,0.00649150119142196,1.2590741858617946,0.01299329130570747,2.811906299327037
339,Information Technology,Semiconductors,AVGO,130.74816918189052,132.20161397934874,129.0882539316916,130.74567712470224,-0.0024920571882445504,3.113360047656871,0.01287565431020515,2.4536169977982727
19,"Communication Services
",Integrated Telecommunication Services,VZ,49.00184980142968,49.32550452740266,48.649351389992084,49.008094519459874,0.0062447180301826435,0.6761531374106431,0.012808849733764343,1.38296464639186
320,Information Technology,Data Processing & Outsourced Services,V,71.04176981731551,71.5553982525815,70.51375798252587,71.05198371723591,0.010213899920571954,1.0416402700555996,0.01277450605614178,1.5066327937844952
416,Utilities,Electric Utilities,PPL,34.053681493248625,34.29599650516281,33.80045456711676,34.05885313741063,0.005171644162033353,0.495541938046068,0.01269009672131131,1.4618189990352672
403,Real Estate,Specialized REITs,IRM,33.5458418586179,33.85355623510725,33.222006433677535,33.55007545671169,0.0042335980937250614,0.6315498014297057,0.012675767398783839,1.910011381014675
106,Energy,Integrated Oil & Gas,CVX,109.95906584590941,110.76083494837204,109.10510079428123,109.96899999999997,0.009934154090548071,1.6557341540905475,0.0125564121984535,1.5615928169300561
380,Real Estate,Hotel & Resort REITs,HST,18.762362192216038,18.94990214455916,18.569168864177907,18.76448054011121,0.0021183478951549116,0.3807332803812544,0.012528560155001603,2.082061986597707
358,Materials,Construction Materials,VMC,89.38814138204928,90.38370738681509,88.36145107227964,89.39841540905476,0.010274027005559896,2.022256314535346,0.012492833393112229,2.288585213646146
337,Information Technology,Semiconductors,ADI,60.928582525814136,61.470247498014245,60.34129269261317,60.93193208895943,0.0033495631453533156,1.1289548054011123,0.011932965974593937,1.8545820625854492
253,Industrials,Airlines,AAL,38.39049547259723,38.95555385226367,37.82560500397139,38.39325226370135,0.0027567911040507443,1.1299488482922957,0.01188861494584572,3.025388887839748
161,Financials,Life & Health Insurance,MET,49.46210889594912,49.90851930103256,48.999098490865826,49.466858617950734,0.004749722001588484,0.9094208101667991,0.01177989524522369,1.8676495797548647
215,Health Care,Health Care Facilities,DVA,68.46256060365373,68.99994543288332,67.91315003971386,68.47084988085786,0.008289277204130318,1.0867953931691825,0.011693645644822363,1.6082995914036788
388,Real Estate,Residential REITs,AVB,161.79069277204124,163.0758218427326,160.4466052422557,161.8031135822083,0.012420810166798888,2.6292166004765654,0.011361394480439654,1.627994342616329
42,Consumer Discretionary,Distributors,LKQ,30.086084193804563,30.388549245432806,29.765734392374906,30.08941699761715,0.003332803812549562,0.6228148530579833,0.010335755849099876,2.1096891789479297
384,Real Estate,Office REITs,BXP,121.7083399523432,122.66265552025422,120.69614702144564,121.72142176330425,0.013081810961080199,1.9665084988085788,0.010325642321134452,1.6250664092196907
100,Consumer Staples,Personal Products,PG,83.03760794281165,83.50562176330415,82.56364146147743,83.04609610802216,0.008488165210484488,0.9419803018268482,0.00992857346177013,1.1437052156811713
389,Real Estate,Residential REITs,EQR,65.61108737092921,66.13049912629076,65.05683216838761,65.61652104845113,0.005433677521842597,1.0736669579030977,0.009699629326565118,1.6310484832156085
95,Consumer Staples,Packaged Foods & Meats,MDLZ,39.08063542494047,39.40070476568706,38.755454964257325,39.081155679110374,0.000520254169976164,0.6452498014297069,0.009562294141417224,1.6563656847004877
263,Industrials,Building Products,MAS,28.14140953137413,28.429697220015978,27.8573867355044,28.14667196187448,0.005262430500397131,0.5723104845115179,0.009368762033720814,2.140905058867918
60,Consumer Discretionary,Internet & Direct Marketing Retail,AMZN,576.8672637807788,582.0172213661632,571.113516521049,576.8800405083399,0.012776727561556822,10.903704845115177,0.008791986356922929,2.007611797856865
157,Financials,Investment Banking & Brokerage,MS,34.728725893566256,35.07287966640193,34.375742096902286,34.73113979348693,0.002413899920571909,0.6971375694996031,0.00842179629707198,2.0706302050041803
205,Health Care,Health Care Equipment,EW,73.64081207307392,74.39735281969827,72.89749737887219,73.64446783161245,0.003655758538522808,1.4998554408260503,0.00831736916584552,2.061494655516917
368,Materials,Paper Packaging,IP,48.563686258935675,49.00297998411436,48.13361088165214,48.56741064336779,0.003724384432088937,0.8693691024622711,0.008262176078003896,1.8171682268945646
29,Consumer Discretionary,"Apparel, Accessories & Luxury Goods",TPR,41.76696584590936,42.19505035742655,41.34271382049244,41.772025416997664,0.005059571088165251,0.8523365369340737,0.008059491887309459,2.095054381239249
327,Information Technology,IT Consulting & Other Services,CTSH,55.385056711675986,55.878178951548875,54.87230373312149,55.393480142970645,0.008423431294678332,1.0058752184273232,0.007766678798162138,1.8556914688988815
76,Consumer Staples,Brewers,TAP,77.35133550436859,77.98598268467038,76.6850514694202,77.35028594122322,-0.0010495631453534301,1.3009312152501977,0.00768133079208947,1.6804698620767806
10,Communication Services,Interactive Media & Services,FB,96.45505933280387,97.38673939634634,95.46303907863386,96.47861032565537,0.02355099285146973,1.923700317712472,0.006879970236864226,2.239350878113511
350,Information Technology,"Technology Hardware, Storage & Peripherals",AAPL,109.05542891183494,109.95111834789537,108.14158888006365,109.06669849086573,0.011269579030976605,1.8095294678316132,0.006820335753414991,1.7087572478440656
240,Health Care,Pharmaceuticals,ZTS,45.091388959491724,45.48882621127871,44.66558848292294,45.09864813343924,0.007259173947577483,0.8232377283558379,0.006297388040531336,1.8826207657504657
13,Communication Services,Movies & Entertainment,DIS,92.98184050834008,93.61639857029391,92.2971984114376,92.9810802223988,-0.0007602859412234359,1.3192001588562354,0.00612605366145609,1.4305664828908575
378,Materials,Steel,NUE,50.69343526608413,51.20818244638598,50.153095949166,50.69385226370132,0.0004169976171563425,1.055086497220014,0.005932781162185045,2.0917412425520636
396,Real Estate,Retail REITs,REG,62.44565528196983,62.95246997617156,61.91232454328831,62.45040508339947,0.004749801429706068,1.0401454328832405,0.005694459608877791,1.671693379346501
141,Financials,Diversified Banks,C,53.46438443208902,53.93734876886418,52.99014447974585,53.46795075456706,0.0035663224781572918,0.9472042891183482,0.005476354165894497,1.8073605362831133
112,Energy,Oil & Gas Equipment & Services,SLB,81.9037411437649,82.67785893566322,81.10236862589373,81.90536139793494,0.0016202541699761118,1.575490309769656,0.005093300392811319,1.9428937659252856
238,Health Care,Pharmaceuticals,PFE,32.18135988880065,32.421133677521894,31.941460921366158,32.183407466243004,0.002047577442414685,0.4796727561556793,0.00464170575626658,1.4966937960269937
413,Utilities,Electric Utilities,FE,34.046727561556764,34.353340349483716,33.73695075456709,34.04887212073073,0.002144559173947628,0.6163895949165996,0.004603362684798524,1.8112967147900174
372,Materials,Specialty Chemicals,ALB,75.36685464654488,76.1290795075457,74.57657855440831,75.36178316123905,-0.005071485305798471,1.5525009531374112,0.0036524532411379676,2.1220808974337078
118,Energy,Oil & Gas Exploration & Production,EOG,88.37528196981742,89.41309722001611,87.29700619539317,88.37085782366955,-0.004424146147735853,2.1160910246227194,0.0031584434391905953,2.4465556245079756
1,Communication Services,Advertising,OMC,74.26129388403494,74.80997998411449,73.68695226370143,74.26488482922954,0.003590945194599007,1.123027720413027,0.0026900205530665236,1.5222746684891633
187,Health Care,Biotechnology,AMGN,146.00554781572694,147.42604281175534,144.48836068308182,146.0044753772834,-0.0010724384432091337,2.937682128673549,0.0019347729337755705,2.0340879217175662
336,Information Technology,Semiconductor Equipment,LRCX,89.43989340746631,90.39660357426521,88.37804583002384,89.4276894360604,-0.012203971405877711,2.0185577442414613,0.0017383775291702971,2.2228667217399773
135,Financials,Asset Management & Custody Banks,TROW,77.92702938840347,78.52650905480553,77.26669340746633,77.92850277998413,0.0014733915806194522,1.2598156473391577,0.0015203260864517735,1.6219505369532898
386,Real Estate,Office REITs,VNO,94.92936457505954,95.66980206513111,94.13892136616379,94.93519062748216,0.005826052422557546,1.5308806989674366,0.0013230494419841584,1.6258361171096416
338,Information Technology,Semiconductors,AMD,5.604315250198563,5.717247100873699,5.486632803812553,5.601862589356633,-0.0024526608419380472,0.23061429706115985,0.0013018782059918694,4.145336489583817
346,Information Technology,Semiconductors,SWKS,68.00404289118346,68.8749663224781,67.02514988085777,68.00707227958708,0.0030293884034945915,1.8498164416203329,0.0010733066256651375,2.753573870767653
24,Consumer Discretionary,"Apparel, Accessories & Luxury Goods",HBI,23.453379745830066,23.700877839555233,23.197108737092965,23.451944003177108,-0.0014357426528990903,0.503769102462272,0.0007395930338815244,2.1301533174452327
167,Financials,Multi-line Insurance,L,43.33233518665606,43.589100317712465,43.06194876886417,43.331165607625195,-0.001169579030977059,0.5271515488482915,0.0005511672217628702,1.2338892850989303
127,Energy,Oil & Gas Storage & Transportation,WMB,36.59523431294677,37.061380698967376,36.112260127084966,36.587585385226376,-0.007648927720413007,0.9491205718824477,0.00047808801927719897,2.895481988486795
47,Consumer Discretionary,Home Furnishings,MHK,180.08591739475767,181.74903598093724,178.3836844320892,180.09055996822897,0.0046425734710080135,3.365351548848289,0.00029550948257722406,1.9594499184114837
395,Real Estate,Retail REITs,O,51.16848203062044,51.58988211120061,50.72347856567284,51.169955439161996,0.0014734085414987612,0.8664035455278009,-0.00044387714748129824,1.6903813160652919
62,Consumer Discretionary,Internet & Direct Marketing Retail,EXPE,100.08292700556001,101.19297077045262,98.91174551231141,100.08482287529768,0.001895869737887351,2.281225258141383,-0.0015305361451758326,2.3295538830122196
385,Real Estate,Office REITs,SLG,104.53824861000787,105.42683248610007,103.60438752978553,104.53598888006358,-0.0022597299444004635,1.8224449563145333,-0.0022884194602745007,1.7535085267026795
257,Industrials,Airlines,UAL,53.171878554408245,53.964614297061125,52.38262517871332,53.1653812549643,-0.006497299444003208,1.581989118347894,-0.002522122077532837,3.0654522078990776
362,Materials,Fertilizers & Agricultural Chemicals,FMC,61.93322081016679,62.51689213661636,61.330742811755336,61.923955520254026,-0.009265289912629121,1.1861493248610007,-0.0027831298860565078,2.0216627176136037
375,Materials,Specialty Chemicals,LYB,86.32078236695803,87.2553911834789,85.3693527402701,86.31923749007136,-0.0015448768864174422,1.8860384432088944,-0.003314896768907555,2.2209268339339574
111,Energy,Oil & Gas Equipment & Services,NOV,52.178705321683836,52.757625099285185,51.554942494042926,52.17377283558376,-0.00493248610007937,1.2026826052422546,-0.004373094964609535,2.5229620777293302
120,Energy,Oil & Gas Exploration & Production,OXY,78.62092930897533,79.30444710087372,77.86877140587765,78.61292692613185,-0.008002382843526397,1.435675694996031,-0.005397190990241191,1.8557351842897594
115,Energy,Oil & Gas Exploration & Production,COP,57.459111993645806,58.0210300238284,56.86013526608426,57.45326449563156,-0.00584749801429706,1.1608947577442414,-0.005558028389191404,2.1569591793638856
355,Information Technology,"Technology Hardware, Storage & Peripherals",WDC,75.95889189833193,76.92365226370137,74.95646528991274,75.9547258935664,-0.004166004765687418,1.9671869737887226,-0.005896778478561871,2.727979445482637
37,Consumer Discretionary,Automotive Retail,AAP,132.4396305798251,133.81829722001572,131.03602494042892,132.43346306592517,-0.006167513899920502,2.782272279586974,-0.006127437282857438,2.110461446100064
11,Communication Services,Interactive Media & Services,GOOG,725.3641676923075,730.8222477948706,719.4568432820528,725.4033527179495,0.039185025641027216,11.36540451282053,-0.00655638350327097,1.6064163681765198
192,Health Care,Biotechnology,VRTX,101.59963950715425,103.23025516693168,99.8651666931637,101.59327424483314,-0.006365262321144742,3.3650884737678832,-0.006624205805368647,3.3684233023603687
414,Utilities,Electric Utilities,LNT,32.785742652899145,33.02174209690233,32.54276473391582,32.78664019062746,0.000897537728355823,0.4789773629864977,-0.007177712149415488,1.4699631088682765
165,Financials,Multi-Sector Holdings,BRK.B,142.29253415409076,143.0250773629868,141.42775814138196,142.28079428117576,-0.011739872915011827,1.597319221604445,-0.007219605560069606,1.1295040043255997
38,Consumer Discretionary,Casinos & Gaming,MGM,23.620872279586973,23.912043844320902,23.314291818903918,23.619968228752995,-0.0009040508339951605,0.5977520254169985,-0.007434324462755329,2.608023099441297
7,Communication Services,Integrated Telecommunication Services,T,36.402446386020614,36.626416838761,36.156857585385275,36.399804924543304,-0.002641461477362985,0.46955925337569476,-0.009601202485632008,1.2950768313320082
74,Consumer Discretionary,Specialty Stores,ULTA,170.2042851469419,172.01761731532966,168.29139388403493,170.1721771247021,-0.032108022239872615,3.7262234312946845,-0.010324016195033151,2.274450872646625
356,Information Technology,"Technology Hardware, Storage & Peripherals",XRX,40.48830786338362,40.90480913423351,40.057713185067485,40.48680698967434,-0.001500873709293074,0.8470959491660047,-0.010386222441011256,2.090877283507957
406,Real Estate,Specialized REITs,WY,31.485826211278862,31.75178292295467,31.21298474980141,31.483157267672755,-0.002668943606036587,0.538798173153296,-0.010603551312935406,1.7362597414457277
361,Materials,Fertilizers & Agricultural Chemicals,CF,41.486264177918926,42.06215305798258,40.896355679110464,41.479410643367714,-0.006853534551231183,1.165797378872121,-0.01082231669189865,2.9658681806174987
237,Health Care,Pharmaceuticals,MRK,56.32969722001586,56.74507291501184,55.89872811755361,56.32106751389991,-0.00862970611596507,0.8463447974582993,-0.010905302882286309,1.5142972292707149
393,Real Estate,Retail REITs,FRT,130.11644956314524,131.10290095313746,129.04573121525024,130.10448768864177,-0.011961874503573815,2.057169737887212,-0.011497558711892742,1.582739074601226
64,Consumer Discretionary,Restaurants,CMG,493.33199761715645,498.60175623510656,488.1483911834793,493.2560079428124,-0.0759896743447187,10.453365051628289,-0.012733311523219729,2.1909678315882046
52,Consumer Discretionary,Homebuilding,PHM,20.81955925337567,21.080067275615544,20.55676981731533,20.817875297855437,-0.0016839555202541904,0.5232974583002385,-0.013364196316293318,2.571528124476834
3,Communication Services,Broadcasting,DISCK,41.263200953137364,41.72064519459885,40.81796060365368,41.26804050833991,0.004839555202541779,0.902684590945195,-0.013570602224943547,2.390290838014773
129,Financials,Asset Management & Custody Banks,BEN,46.09909444003182,46.49888752978551,45.68548800635429,46.09075814138209,-0.008336298649722084,0.8133995234312946,-0.014794966781943641,1.8063043121672535
107,Energy,Integrated Oil & Gas,HES,64.43893169181896,65.24685766481336,63.618955917394814,64.4317474185861,-0.007184273232724442,1.6279017474185884,-0.015215587860386329,2.69712379517351
109,Energy,Oil & Gas Equipment & Services,FTI,40.19141302621127,40.67616664019063,39.704372359015025,40.183669579030976,-0.007743447180301741,0.971794281175536,-0.015790532190412793,2.4941436481737123
50,Consumer Discretionary,Homebuilding,DHI,28.434444718030168,28.776801270849905,28.075864892772028,28.433153296266905,-0.001291421763304335,0.7009363780778399,-0.01647716704117874,2.5599155244785736
264,Industrials,Construction & Engineering,PWR,29.921834710087328,30.231509769658434,29.601285782366926,29.912688641779205,-0.009146068308181167,0.6302239872915016,-0.01797460570778665,2.159210948635223
255,Industrials,Airlines,DAL,40.25829936457501,40.76540158856234,39.73073193010326,40.24455520254162,-0.01374416203335975,1.0346696584590949,-0.019721412062206328,2.6729326933067283
140,Financials,Diversified Banks,BAC,17.706624146147746,17.86646949960283,17.539185941223224,17.704177918983323,-0.002446227164416212,0.32728355837966666,-0.02004592212694882,1.884269134070616
239,Health Care,Pharmaceuticals,PRGO,125.82876489277211,127.17968268467048,124.33073193010337,125.79861239078653,-0.03015250198570303,2.8489507545671193,-0.021563305297595824,2.276686111482418
420,Utilities,Independent Power Producers & Energy Traders,NRG,22.482839555202535,22.786245830023795,22.17797545671167,22.47736298649721,-0.005476568705321644,0.6082703733121521,-0.021918964740321206,3.0448706437031188
12,Communication Services,Interactive Media & Services,GOOGL,682.3570406671956,687.3627760127075,676.6917895154892,682.2338471803026,-0.12319348689436081,10.670986497220019,-0.022832513225336738,1.5823378330223594
379,Real Estate,Health Care REITs,VTR,65.05155281969824,65.58428443208906,64.4645636219222,65.03783161239089,-0.013721207307386752,1.1197208101668013,-0.02320010870976494,1.737922440696723
114,Energy,Oil & Gas Exploration & Production,COG,28.665677124702135,29.06350023828435,28.244862112787846,28.654968228752928,-0.01070889594916603,0.8186381254964263,-0.024444837562023064,2.9809267697148933
275,Industrials,Industrial Conglomerates,GE,26.52918975377282,26.7134213661636,26.335645512311366,26.526341540905474,-0.0028482128673550087,0.37777585385226314,-0.02455354093497797,1.4539004345556843
94,Consumer Staples,Packaged Foods & Meats,KHC,82.21010229007629,82.83486061068695,81.48486320610684,82.1870839694657,-0.023018320610687152,1.3499974045801546,-0.026030880287471928,1.6710302998438398
27,Consumer Discretionary,"Apparel, Accessories & Luxury Goods",RL,128.28493645750598,129.55440627482153,127.00424511517085,128.24887609213653,-0.03606036536934055,2.5501611596505165,-0.026723218014233184,2.0864898538170262
397,Real Estate,Retail REITs,SPG,176.59344320889588,177.97827037331228,175.09362319301033,176.54747418586183,-0.045969023034153865,2.884647180301826,-0.02761029686028453,1.6362411293237866
139,Financials,Consumer Finance,SYF,30.802590090090085,31.120606418918914,30.444634459459458,30.79230292792793,-0.01028716216216214,0.675971959459459,-0.028715134688347643,2.202643952440118
371,Materials,Paper Packaging,WRK,51.20906202723144,51.83837367624813,50.539996671709574,51.18275340393342,-0.02630862329803352,1.298377004538579,-0.030569573852360848,2.6264746555295635
6,Communication Services,Cable & Satellite,DISH,56.73683471008738,57.37652128673549,56.03722128673536,56.71832883240668,-0.018505877680699098,1.3393000000000008,-0.03136344440641048,2.386221326141282
2,Communication Services,Broadcasting,DISCA,43.867397378872084,44.34845528196981,43.352708419380406,43.86043367752186,-0.0069637013502782145,0.9957468625893574,-0.032112174213377226,2.490811361328217
31,Consumer Discretionary,"Apparel, Accessories & Luxury Goods",UAA,29.303730500397116,29.66988840349488,28.892322319300998,29.288258538522644,-0.015471961874503474,0.7775660841938032,-0.03259251150561312,2.7002672062188444
191,Health Care,Biotechnology,REGN,381.86151454690037,387.48145731319505,375.85366001589836,381.7184280604132,-0.1430864864864865,11.62779729729728,-0.0326132280102256,3.090698307899617
319,Information Technology,Data Processing & Outsourced Services,PYPL,46.17359541984732,46.659585648854964,45.61799450381682,46.165045801526766,-0.008549618320610554,1.0415911450381672,-0.03356141723226786,2.3181971685229175
39,Consumer Discretionary,Casinos & Gaming,WYNN,133.376362827641,135.1673061953931,131.5034415409055,133.347143764893,-0.02921906274821311,3.6638646544876914,-0.040434224434213385,2.9303907694852396
132,Financials,Asset Management & Custody Banks,IVZ,33.98601834789512,34.289656155679104,33.65186441620331,33.97203335980933,-0.013984988085782338,0.637791739475775,-0.040921549316423125,1.9107323167898962
113,Energy,Oil & Gas Exploration & Production,APA,64.10297378872124,64.90600317712473,63.25613407466235,64.07328435266089,-0.029689436060365386,1.6498691024622705,-0.04118005066300134,2.801028280898142
51,Consumer Discretionary,Homebuilding,LEN,44.67990929308968,45.19796028594119,44.12642374900707,44.66299976171556,-0.016909531374106456,1.0715365369340744,-0.042520068095791355,2.4526026887181387
394,Real Estate,Retail REITs,KIM,23.60185861795075,23.802000079428122,23.38039984114372,23.593343923749007,-0.008514694201747424,0.42160023828435306,-0.04564114175408746,1.8150134309619212
36,Consumer Discretionary,Automobile Manufacturers,GM,34.56982922954722,34.89276576648134,34.21007370929309,34.55298649722002,-0.016842732327243846,0.6826920571882442,-0.04677738980283049,1.9921380643348612
26,Consumer Discretionary,"Apparel, Accessories & Luxury Goods",PVH,111.80268467037337,112.95584050834,110.58058641779196,111.75251787132639,-0.05016679904686261,2.3752540905480557,-0.04755292060841886,2.1741062057734024
342,Information Technology,Semiconductors,MU,22.985880063542517,23.334586576648114,22.60530770452739,22.97259261318506,-0.013287450357426525,0.7292788721207298,-0.04864042670412174,3.3462175191586434
188,Health Care,Biotechnology,BIIB,295.5971564733912,299.29748498808596,291.59618149324854,295.41326401906235,-0.18389245432883214,7.701303494837172,-0.053236692029817595,2.6137568852418935
364,Materials,Gold,NEM,29.048355758538527,29.459075774424136,28.6091012708499,29.030659253375696,-0.01769650516282754,0.8499745035742649,-0.05634669434373234,3.0233028569726796
186,Health Care,Biotechnology,ALXN,142.60172366957906,144.70387752184294,140.22177966640174,142.51771008737103,-0.08401358220810154,4.482097855440821,-0.06014080681811553,3.1411065437512464
363,Materials,Fertilizers & Agricultural Chemicals,MOS,38.03540706910245,38.450815329626714,37.577185146941964,38.01189833200959,-0.0235087370929309,0.8736301826846716,-0.06142908254817319,2.4975240786956814
117,Energy,Oil & Gas Exploration & Production,DVN,50.10055218427322,50.75331032565534,49.39759189833197,50.06304606830821,-0.03750611596505161,1.3557184273232714,-0.06384106997387644,2.9940529715088653
189,Health Care,Biotechnology,GILD,82.52872088959492,83.40271032565535,81.51518737092937,82.47280142970608,-0.05591945988880084,1.887522954725969,-0.0642488100748408,2.269514329791931
35,Consumer Discretionary,Automobile Manufacturers,F,14.11266862589357,14.228913741064353,13.974048371723608,14.102637013502795,-0.010031612390786322,0.2548653693407467,-0.06934924328270978,1.8194049849036296
33,Consumer Discretionary,Auto Parts & Equipment,APTV,89.54784090909094,90.55232045454544,88.53879545454546,89.49386363636363,-0.05397727272727273,2.013524999999999,-0.0699041563743915,2.2396367689963395
125,Energy,Oil & Gas Storage & Transportation,KMI,29.089815726767213,29.362681254964254,28.76849880857822,29.065814138204914,-0.024001588562351076,0.5941824463860208,-0.08035659690057745,2.2094070703796667
359,Materials,Copper,FCX,20.7850348689436,21.080103891977792,20.46203169181888,20.76637013502783,-0.018664733915806305,0.6180722001588564,-0.08494554174491195,3.7253341693516613
119,Energy,Oil & Gas Exploration & Production,MRO,23.843815726767293,24.15670214455914,23.500500953137408,23.824634630659272,-0.019181096108022305,0.656201191421764,-0.08987990476209039,3.2720467051856192
30,Consumer Discretionary,"Apparel, Accessories & Luxury Goods",UA,23.721155507559384,24.055991576673875,23.357280345572345,23.68455723542117,-0.036598272138228895,0.698711231101512,-0.15263390646794336,3.042090427649321
